query_no,query,cardinality_predict,cardinality_true,latency_ms,generated_spn_calls,latency_generated_code
0,SELECT COUNT(*) FROM fps f WHERE f.gamesetting>2 AND f.fps<78.6;,51030.442861748335,50873,1.9226000003982335,0,0.0
1,SELECT COUNT(*) FROM fps f WHERE f.gamesetting=4 AND f.fps>104.3;,25835.681505182216,25393,2.3269999983313028,0,0.0
2,SELECT COUNT(*) FROM fps f WHERE f.gamesetting<4 AND f.fps=228.5;,1.0,1,2.049700000497978,0,0.0
3,SELECT COUNT(*) FROM fps f WHERE f.gamesetting>1 AND f.fps<143.5;,234765.94514626818,232115,2.2203999978955835,0,0.0
4,SELECT COUNT(*) FROM fps f WHERE f.gamesetting=3 AND f.fps>780.0;,38.778179633162864,86,1.8706000009842683,0,0.0
5,SELECT COUNT(*) FROM fps f WHERE f.gamesetting=4 AND f.fps=203.3;,1.0,3,1.7661999991105404,0,0.0
6,SELECT COUNT(*) FROM fps f WHERE f.gamesetting=4 AND f.fps>140.9;,14262.682670606215,14854,2.6010999972641002,0,0.0
7,SELECT COUNT(*) FROM fps f WHERE f.gamesetting=3 AND f.fps>750.0;,41.989148312970634,90,2.138699997885851,0,0.0
8,SELECT COUNT(*) FROM fps f WHERE f.gamesetting=4 AND f.fps=109.5;,2.5650120685235493,10,2.2332000007736497,0,0.0
9,SELECT COUNT(*) FROM fps f WHERE f.gamesetting>2 AND f.fps<99.0;,86350.33929270483,87476,2.134899998054607,0,0.0
10,SELECT COUNT(*) FROM fps f WHERE f.gamesetting<3 AND f.fps>670.0;,152.32470990150995,98,2.6992999992216937,0,0.0
11,SELECT COUNT(*) FROM fps f WHERE f.gamesetting=1 AND f.fps=330.0;,24.829816741128976,41,2.9906999989179894,0,0.0
12,SELECT COUNT(*) FROM fps f WHERE f.gamesetting=4 AND f.fps=209.8;,1.0,3,1.7614999997022096,0,0.0
13,SELECT COUNT(*) FROM fps f WHERE f.gamesetting=3 AND f.fps=43.5;,2.111499305356193,5,1.8529000008129515,0,0.0
14,SELECT COUNT(*) FROM fps f WHERE f.gamesetting=2 AND f.fps<900.0;,93784.37054463451,93799,1.724800000374671,0,0.0
15,SELECT COUNT(*) FROM fps f WHERE f.gamesetting>3 AND f.fps=140.2;,1.3042013794734237,7,2.4464999987685587,0,0.0
16,SELECT COUNT(*) FROM fps f WHERE f.gamesetting=2 AND f.fps=330.0;,99.69734694129771,93,2.020300002186559,0,0.0
17,SELECT COUNT(*) FROM fps f WHERE f.gamesetting<3 AND f.fps<630.0;,162117.4024794574,162187,1.647400000365451,0,0.0
18,SELECT COUNT(*) FROM fps f WHERE f.gamesetting=4 AND f.fps<218.1;,46972.43225936064,47457,2.3093999989214353,0,0.0
19,SELECT COUNT(*) FROM fps f WHERE f.gamesetting<3 AND f.fps>60.0;,126815.05567701177,125976,2.2331000000122003,0,0.0
20,SELECT COUNT(*) FROM fps f WHERE f.gamesetting=2 AND f.fps>460.0;,1225.5784482517129,1121,1.7688999978417996,0,0.0
21,SELECT COUNT(*) FROM fps f WHERE f.gamesetting<4 AND f.fps<217.1;,307376.02723617473,306901,2.5045000002137385,0,0.0
22,SELECT COUNT(*) FROM fps f WHERE f.gamesetting<4 AND f.fps=144.4;,8.931702463793778,3,1.6399000014644116,0,0.0
23,SELECT COUNT(*) FROM fps f WHERE f.gamesetting=4 AND f.fps=141.0;,1.5760133613125564,9,2.564800000982359,0,0.0
24,SELECT COUNT(*) FROM fps f WHERE f.gamesetting>1 AND f.fps<272.0;,315666.4802877728,315358,2.301399999851128,0,0.0
25,SELECT COUNT(*) FROM fps f WHERE f.gamesetting>1 AND f.fps=107.8;,15.931594013091512,19,2.604299999802606,0,0.0
26,SELECT COUNT(*) FROM fps f WHERE f.gamesetting<3 AND f.fps<400.0;,158030.63127472074,158009,1.9756000001507346,0,0.0
27,SELECT COUNT(*) FROM fps f WHERE f.gamesetting=3 AND f.fps>169.7;,55941.810154676765,53477,1.709399999526795,0,0.0
28,SELECT COUNT(*) FROM fps f WHERE f.gamesetting<4 AND f.fps>165.3;,104735.74050926905,104688,1.7225999981747009,0,0.0
29,SELECT COUNT(*) FROM fps f WHERE f.gamesetting<4 AND f.fps<37.5;,19295.07312656963,19390,1.8821000012394506,0,0.0
30,SELECT COUNT(*) FROM fps f WHERE f.gamesetting>2 AND f.fps=293.5;,1.0,1,1.7067999979190063,0,0.0
31,SELECT COUNT(*) FROM fps f WHERE f.gamesetting<4 AND f.fps=165.4;,9.809012944373801,3,1.7053000010491814,0,0.0
32,SELECT COUNT(*) FROM fps f WHERE f.gamesetting<3 AND f.fps=100.0;,12195.664910863128,11549,2.020500000071479,0,0.0
33,SELECT COUNT(*) FROM fps f WHERE f.gamesetting=4 AND f.fps=114.0;,2.8748192254859313,15,1.664100000198232,0,0.0
34,SELECT COUNT(*) FROM fps f WHERE f.gamesetting=1 AND f.fps=20.0;,521.3538166940322,244,1.6223999991780147,0,0.0
35,SELECT COUNT(*) FROM fps f WHERE f.gamesetting=4 AND f.fps<275.3;,49549.37747607194,49863,1.627800000278512,0,0.0
36,SELECT COUNT(*) FROM fps f WHERE f.gamesetting<2 AND f.fps>190.0;,11916.36916531495,10445,2.046199999313103,0,0.0
37,SELECT COUNT(*) FROM fps f WHERE f.gamesetting=4 AND f.fps>199.7;,9528.497602084646,8257,1.609999999345746,0,0.0
38,SELECT COUNT(*) FROM fps f WHERE f.gamesetting>3 AND f.fps<172.2;,42657.59522600104,42904,1.5750999991723802,0,0.0
39,SELECT COUNT(*) FROM fps f WHERE f.gamesetting>1 AND f.fps>280.8;,39148.94873245292,39508,2.0524999999906868,0,0.0
40,SELECT COUNT(*) FROM fps f WHERE f.gamesetting=3 AND f.fps<193.7;,162287.7250457267,163826,1.8610999977681786,0,0.0
41,SELECT COUNT(*) FROM fps f WHERE f.gamesetting>3 AND f.fps>107.0;,25776.411020719108,25106,1.5836000020499341,0,0.0
42,SELECT COUNT(*) FROM fps f WHERE f.gamesetting<4 AND f.fps>124.6;,165476.09433478658,165079,1.704900001641363,0,0.0
43,SELECT COUNT(*) FROM fps f WHERE f.gamesetting=4 AND f.fps=245.3;,1.0,2,1.8159999999625143,0,0.0
44,SELECT COUNT(*) FROM fps f WHERE f.gamesetting=4 AND f.fps>251.1;,4093.106195422758,3862,1.6560000003664754,0,0.0
45,SELECT COUNT(*) FROM fps f WHERE f.gamesetting>1 AND f.fps>219.8;,63888.6819047936,64430,2.0284999991417862,0,0.0
46,SELECT COUNT(*) FROM fps f WHERE f.gamesetting=1 AND f.fps=330.0;,24.829816741128976,41,0.06430000212276354,0,0.0
47,SELECT COUNT(*) FROM fps f WHERE f.gamesetting>3 AND f.fps>179.3;,10591.941855025361,9940,1.6015999972296413,0,0.0
48,SELECT COUNT(*) FROM fps f WHERE f.gamesetting=4 AND f.fps<283.7;,49784.11751397127,50134,2.1914999997534323,0,0.0
49,SELECT COUNT(*) FROM fps f WHERE f.gamesetting=1 AND f.fps>570.0;,71.14739441252273,105,1.6606000026513357,0,0.0
50,SELECT COUNT(*) FROM fps f WHERE f.gamesetting>3 AND f.fps<122.0;,34117.501929055,33555,1.5547000002698041,0,0.0
51,SELECT COUNT(*) FROM fps f WHERE f.gamesetting>3 AND f.fps=242.0;,1.0,1,1.8304999975953251,0,0.0
52,SELECT COUNT(*) FROM fps f WHERE f.gamesetting<4 AND f.fps<61.5;,56974.43957213529,55765,1.431200002116384,0,0.0
53,SELECT COUNT(*) FROM fps f WHERE f.gamesetting>1 AND f.fps<103.3;,153762.58282550395,149979,1.6175999990082346,0,0.0
54,SELECT COUNT(*) FROM fps f WHERE f.gamesetting=1 AND f.fps<280.0;,64057.412031783424,64358,1.4572000000043772,0,0.0
55,SELECT COUNT(*) FROM fps f WHERE f.gamesetting<2 AND f.fps>780.0;,17.058756673585506,19,1.5443000011146069,0,0.0
56,SELECT COUNT(*) FROM fps f WHERE f.gamesetting<3 AND f.fps<500.0;,160883.8516243595,160930,1.5086999992490746,0,0.0
57,SELECT COUNT(*) FROM fps f WHERE f.gamesetting=3 AND f.fps=89.9;,10.631213532397673,10,1.648699999350356,0,0.0
58,SELECT COUNT(*) FROM fps f WHERE f.gamesetting=4 AND f.fps=217.9;,1.0,1,1.5168999998422805,0,0.0
59,SELECT COUNT(*) FROM fps f WHERE f.gamesetting=4 AND f.fps=151.4;,1.164554112628594,9,2.5657000005594455,0,0.0
60,SELECT COUNT(*) FROM fps f WHERE f.gamesetting<2 AND f.fps=900.0;,3.495891338288947,2,2.129699998477008,0,0.0
61,SELECT COUNT(*) FROM fps f WHERE f.gamesetting<3 AND f.fps=490.0;,10.015381940146305,8,1.63790000078734,0,0.0
62,SELECT COUNT(*) FROM fps f WHERE f.gamesetting=4 AND f.fps>175.3;,10625.327565439997,10188,1.9577999992179684,0,0.0
63,SELECT COUNT(*) FROM fps f WHERE f.gamesetting>2 AND f.fps>276.7;,23095.164741630073,22477,1.3956000002508517,0,0.0
64,SELECT COUNT(*) FROM fps f WHERE f.gamesetting=3 AND f.fps>190.0;,48072.34613813504,46452,1.3930999994045123,0,0.0
65,SELECT COUNT(*) FROM fps f WHERE f.gamesetting<2 AND f.fps=450.0;,55.4821798151554,50,1.4228000000002794,0,0.0
66,SELECT COUNT(*) FROM fps f WHERE f.gamesetting<4 AND f.fps=213.9;,2.4628341266935263,2,1.4031999999133404,0,0.0
67,SELECT COUNT(*) FROM fps f WHERE f.gamesetting<2 AND f.fps=650.0;,3.122354021127636,5,1.4970000011089724,0,0.0
68,SELECT COUNT(*) FROM fps f WHERE f.gamesetting>1 AND f.fps=136.9;,15.010567983801527,18,1.5355999967141543,0,0.0
69,SELECT COUNT(*) FROM fps f WHERE f.gamesetting>3 AND f.fps<107.1;,27537.58897928095,28208,1.5781000001879875,0,0.0
70,SELECT COUNT(*) FROM fps f WHERE f.gamesetting<2 AND f.fps>470.0;,230.49206997025632,272,1.7023000000335742,0,0.0
71,SELECT COUNT(*) FROM fps f WHERE f.gamesetting<2 AND f.fps<320.0;,67473.4515389399,67432,1.5614000003552064,0,0.0
72,SELECT COUNT(*) FROM fps f WHERE f.gamesetting<2 AND f.fps=250.0;,1583.7675650797303,1362,1.5691000007791445,0,0.0
73,SELECT COUNT(*) FROM fps f WHERE f.gamesetting<2 AND f.fps=80.0;,5243.004230018463,6662,1.4208000029611867,0,0.0
74,SELECT COUNT(*) FROM fps f WHERE f.gamesetting=2 AND f.fps>360.0;,3774.1703183731724,3744,1.649000001634704,0,0.0
75,SELECT COUNT(*) FROM fps f WHERE f.gamesetting<3 AND f.fps<480.0;,160853.8939431155,160909,1.4668000003439374,0,0.0
76,SELECT COUNT(*) FROM fps f WHERE f.gamesetting=2 AND f.fps=310.0;,55.15533954864477,39,1.4368000011018012,0,0.0
77,SELECT COUNT(*) FROM fps f WHERE f.gamesetting=1 AND f.fps=120.0;,7190.297767102546,6709,1.3840999999956694,0,0.0
78,SELECT COUNT(*) FROM fps f WHERE f.gamesetting>1 AND f.fps>182.0;,91585.18090983234,93137,1.3593999974546023,0,0.0
79,SELECT COUNT(*) FROM fps f WHERE f.gamesetting>1 AND f.fps>208.9;,65103.10751473228,65667,1.4570999992429279,0,0.0
80,SELECT COUNT(*) FROM fps f WHERE f.gamesetting<2 AND f.fps=640.0;,1.0,1,1.4368000011018012,0,0.0
81,SELECT COUNT(*) FROM fps f WHERE f.gamesetting<2 AND f.fps<650.0;,68447.4846254564,68421,1.5033999989100266,0,0.0
82,SELECT COUNT(*) FROM fps f WHERE f.gamesetting>2 AND f.fps>234.8;,35433.7811399243,33928,1.3656000010087155,0,0.0
83,SELECT COUNT(*) FROM fps f WHERE f.gamesetting=2 AND f.fps<400.0;,90202.92445679396,90184,1.717299997835653,0,0.0
84,SELECT COUNT(*) FROM fps f WHERE f.gamesetting=2 AND f.fps<610.0;,93666.30444825628,93766,1.6007000012905337,0,0.0
85,SELECT COUNT(*) FROM fps f WHERE f.gamesetting=2 AND f.fps<360.0;,89979.00698737784,90027,1.5767000004416332,0,0.0
86,SELECT COUNT(*) FROM fps f WHERE f.gamesetting=1 AND f.fps>600.0;,34.23382482254827,62,1.436999998986721,0,0.0
87,SELECT COUNT(*) FROM fps f WHERE f.gamesetting>3 AND f.fps<180.8;,43470.78999097971,43995,1.5321000028052367,0,0.0
88,SELECT COUNT(*) FROM fps f WHERE f.gamesetting>3 AND f.fps<147.4;,39144.535268571024,38962,1.5203000002657063,0,0.0
89,SELECT COUNT(*) FROM fps f WHERE f.gamesetting<2 AND f.fps<90.0;,23141.651823535776,26483,1.3949999993201345,0,0.0
90,SELECT COUNT(*) FROM fps f WHERE f.gamesetting<2 AND f.fps<420.0;,68175.45266476151,68130,2.6037999996333383,0,0.0
91,SELECT COUNT(*) FROM fps f WHERE f.gamesetting<2 AND f.fps>680.0;,28.09555775363326,52,1.4274999994086102,0,0.0
92,SELECT COUNT(*) FROM fps f WHERE f.gamesetting=1 AND f.fps=250.0;,1583.7675650797303,1362,1.4580999995814636,0,0.0
93,SELECT COUNT(*) FROM fps f WHERE f.gamesetting<4 AND f.fps<262.3;,329159.3300413139,328898,1.629099999263417,0,0.0
94,SELECT COUNT(*) FROM fps f WHERE f.gamesetting=2 AND f.fps=470.0;,11.964461337341204,4,2.103999999235384,0,0.0
95,SELECT COUNT(*) FROM fps f WHERE f.gamesetting=3 AND f.fps>50.9;,194602.772061791,196747,1.4999000013631303,0,0.0
96,SELECT COUNT(*) FROM fps f WHERE f.gamesetting=4 AND f.fps>99.2;,30578.885042632795,29148,1.461099996959092,0,0.0
97,SELECT COUNT(*) FROM fps f WHERE f.gamesetting=4 AND f.fps>298.2;,3421.7323052340585,2960,1.4959000000089873,0,0.0
98,SELECT COUNT(*) FROM fps f WHERE f.gamesetting>3 AND f.fps>206.2;,6510.844345757912,6241,1.897300000564428,0,0.0
99,SELECT COUNT(*) FROM fps f WHERE f.gamesetting=1 AND f.fps=280.0;,267.8849330321868,327,1.5492000020458363,0,0.0
100,SELECT COUNT(*) FROM fps f WHERE f.gamesetting<3 AND f.fps=310.0;,70.57532301649992,66,1.6202999977394938,0,0.0
101,SELECT COUNT(*) FROM fps f WHERE f.gamesetting=2 AND f.fps>440.0;,1563.1722041149,1486,1.3915000017732382,0,0.0
102,SELECT COUNT(*) FROM fps f WHERE f.gamesetting=1 AND f.fps<510.0;,68395.50537882926,68356,2.0790000016859267,0,0.0
103,SELECT COUNT(*) FROM fps f WHERE f.gamesetting<2 AND f.fps<440.0;,68185.2232023445,68143,1.421700002538273,0,0.0
104,SELECT COUNT(*) FROM fps f WHERE f.gamesetting=1 AND f.fps>360.0;,681.1794159425638,694,1.4472000002569985,0,0.0
105,SELECT COUNT(*) FROM fps f WHERE f.gamesetting=4 AND f.fps=108.7;,1.0,4,1.5753000006952789,0,0.0
106,SELECT COUNT(*) FROM fps f WHERE f.gamesetting=3 AND f.fps=221.3;,1.058952764555108,2,1.52660000094329,0,0.0
107,SELECT COUNT(*) FROM fps f WHERE f.gamesetting=3 AND f.fps=520.0;,6.0803459750148345,13,1.4358000007632654,0,0.0
108,SELECT COUNT(*) FROM fps f WHERE f.gamesetting=3 AND f.fps=206.8;,3.424690293505502,1,1.4728999994986225,0,0.0
109,SELECT COUNT(*) FROM fps f WHERE f.gamesetting>2 AND f.fps=28.1;,1.0,2,1.4473000010184478,0,0.0
110,SELECT COUNT(*) FROM fps f WHERE f.gamesetting=1 AND f.fps>120.0;,25673.291297941483,22639,1.4212000023690052,0,0.0
111,SELECT COUNT(*) FROM fps f WHERE f.gamesetting>2 AND f.fps=254.9;,1.0,1,1.7109000000345986,0,0.0
112,SELECT COUNT(*) FROM fps f WHERE f.gamesetting<4 AND f.fps=164.7;,15.230429967567913,7,1.4315000007627532,0,0.0
113,SELECT COUNT(*) FROM fps f WHERE f.gamesetting<3 AND f.fps<110.0;,76235.17160868019,73858,1.4959000000089873,0,0.0
114,SELECT COUNT(*) FROM fps f WHERE f.gamesetting<2 AND f.fps=320.0;,39.636322547968234,57,1.4441999992413912,0,0.0
115,SELECT COUNT(*) FROM fps f WHERE f.gamesetting<2 AND f.fps>510.0;,83.36894452250529,121,1.6393000005336944,0,0.0
116,SELECT COUNT(*) FROM fps f WHERE f.gamesetting=3 AND f.fps=130.5;,11.358102683267152,9,1.4746999986527953,0,0.0
117,SELECT COUNT(*) FROM fps f WHERE f.gamesetting>3 AND f.fps<115.3;,28895.97385081037,29940,1.5478999994229525,0,0.0
118,SELECT COUNT(*) FROM fps f WHERE f.gamesetting=1 AND f.fps>900.0;,4.557196066448803,1,1.419999996869592,0,0.0
119,SELECT COUNT(*) FROM fps f WHERE f.gamesetting=4 AND f.fps>207.0;,6506.85632263076,6216,1.5913000024738722,0,0.0
120,SELECT COUNT(*) FROM fps f WHERE f.gamesetting>2 AND f.fps=182.1;,3.684178567036708,5,1.5084000006027054,0,0.0
121,SELECT COUNT(*) FROM fps f WHERE f.gamesetting<2 AND f.fps=800.0;,7.505879968939064,15,1.4453999974648468,0,0.0
122,SELECT COUNT(*) FROM fps f WHERE f.gamesetting<2 AND f.fps>530.0;,80.66844854345176,117,1.31379999947967,0,0.0
123,SELECT COUNT(*) FROM fps f WHERE f.gamesetting=3 AND f.fps>84.5;,159467.6602902686,160221,1.541899997391738,0,0.0
124,SELECT COUNT(*) FROM fps f WHERE f.gamesetting=4 AND f.fps<309.0;,52464.53190586992,52325,1.6743000014685094,0,0.0
125,SELECT COUNT(*) FROM fps f WHERE f.gamesetting<2 AND f.fps<400.0;,67827.7068179268,67825,1.439700001355959,0,0.0
126,SELECT COUNT(*) FROM fps f WHERE f.gamesetting>1 AND f.fps<44.5;,29824.88880101747,30661,1.8710000003920868,0,0.0
127,SELECT COUNT(*) FROM fps f WHERE f.gamesetting=4 AND f.fps=206.0;,1.0,4,1.6303000011248514,0,0.0
128,SELECT COUNT(*) FROM fps f WHERE f.gamesetting=2 AND f.fps=30.0;,7226.198502529061,7821,1.4407999988179654,0,0.0
129,SELECT COUNT(*) FROM fps f WHERE f.gamesetting=4 AND f.fps>172.2;,10655.70454502107,10404,1.5656999967177399,0,0.0
130,SELECT COUNT(*) FROM fps f WHERE f.gamesetting>3 AND f.fps>134.6;,17822.193162834963,17902,1.390099998388905,0,0.0
131,SELECT COUNT(*) FROM fps f WHERE f.gamesetting=4 AND f.fps=47.2;,1.0,1,1.4788999978918582,0,0.0
132,SELECT COUNT(*) FROM fps f WHERE f.gamesetting=1 AND f.fps<640.0;,68447.02641590951,68420,1.4077999985602219,0,0.0
133,SELECT COUNT(*) FROM fps f WHERE f.gamesetting>1 AND f.fps<116.0;,163812.2978956716,160183,1.3292000003275461,0,0.0
134,SELECT COUNT(*) FROM fps f WHERE f.gamesetting>3 AND f.fps=115.8;,1.8753018044260357,7,1.3670000007550698,0,0.0
135,SELECT COUNT(*) FROM fps f WHERE f.gamesetting>1 AND f.fps>122.2;,159400.4572167532,162375,2.3005000002740417,0,0.0
136,SELECT COUNT(*) FROM fps f WHERE f.gamesetting>2 AND f.fps>204.6;,39497.91107042425,38014,1.4382000008481555,0,0.0
137,SELECT COUNT(*) FROM fps f WHERE f.gamesetting<2 AND f.fps>800.0;,9.438239398946958,4,1.3715999994019512,0,0.0
138,SELECT COUNT(*) FROM fps f WHERE f.gamesetting>3 AND f.fps>136.5;,17793.22729457056,17769,1.533700000436511,0,0.0
139,SELECT COUNT(*) FROM fps f WHERE f.gamesetting>1 AND f.fps>39.5;,336854.0543366577,335814,1.6273000001092441,0,0.0
140,SELECT COUNT(*) FROM fps f WHERE f.gamesetting=4 AND f.fps<149.9;,39177.40322226,39152,1.5909000030660536,0,0.0
141,SELECT COUNT(*) FROM fps f WHERE f.gamesetting>1 AND f.fps>146.6;,122194.74112036562,124776,1.5042000013636425,0,0.0
142,SELECT COUNT(*) FROM fps f WHERE f.gamesetting>2 AND f.fps>158.0;,72220.15221792564,69366,1.8114000013156328,0,0.0
143,SELECT COUNT(*) FROM fps f WHERE f.gamesetting<3 AND f.fps<480.0;,160853.8939431155,160909,0.06320000102277845,0,0.0
144,SELECT COUNT(*) FROM fps f WHERE f.gamesetting=4 AND f.fps>295.1;,3423.7889194042345,2984,1.592799999343697,0,0.0
145,SELECT COUNT(*) FROM fps f WHERE f.gamesetting=3 AND f.fps=60.6;,7.11304002138586,11,1.4348000004247297,0,0.0
146,SELECT COUNT(*) FROM fps f WHERE f.gamesetting=4 AND f.fps=196.0;,1.0,1,1.5406999991682824,0,0.0
147,SELECT COUNT(*) FROM fps f WHERE f.gamesetting>2 AND f.fps=41.3;,1.79676542563114,3,2.1051000003353693,0,0.0
148,SELECT COUNT(*) FROM fps f WHERE f.gamesetting>3 AND f.fps>221.0;,5942.659409812839,5588,1.3825999994878657,0,0.0
149,SELECT COUNT(*) FROM fps f WHERE f.gamesetting<2 AND f.fps<800.0;,68463.0558806322,68461,1.515699997980846,0,0.0
150,SELECT COUNT(*) FROM fps f WHERE f.gamesetting>2 AND f.fps>167.7;,67219.0145934256,64572,1.369699999486329,0,0.0
151,SELECT COUNT(*) FROM fps f WHERE f.gamesetting<3 AND f.fps<560.0;,161862.85505756014,161972,2.1832999991602264,0,0.0
152,SELECT COUNT(*) FROM fps f WHERE f.gamesetting=4 AND f.fps<127.0;,34208.42843711658,33968,1.3890999980503693,0,0.0
153,SELECT COUNT(*) FROM fps f WHERE f.gamesetting>3 AND f.fps>301.4;,852.7528643829503,1033,1.4620000001741573,0,0.0
154,SELECT COUNT(*) FROM fps f WHERE f.gamesetting=1 AND f.fps<120.0;,35616.41093495605,39132,1.389299999573268,0,0.0
155,SELECT COUNT(*) FROM fps f WHERE f.gamesetting=3 AND f.fps<227.7;,179481.2395701226,180599,1.5547000002698041,0,0.0
156,SELECT COUNT(*) FROM fps f WHERE f.gamesetting>3 AND f.fps<292.9;,49888.99865262511,50315,1.3938999982201494,0,0.0
157,SELECT COUNT(*) FROM fps f WHERE f.gamesetting>2 AND f.fps=173.4;,10.342000455838802,14,1.414199999999255,0,0.0
158,SELECT COUNT(*) FROM fps f WHERE f.gamesetting>3 AND f.fps<74.1;,15906.576739396405,17098,1.3566000015998725,0,0.0
159,SELECT COUNT(*) FROM fps f WHERE f.gamesetting<2 AND f.fps=210.0;,153.32287457510154,169,1.4123999972071033,0,0.0
160,SELECT COUNT(*) FROM fps f WHERE f.gamesetting>3 AND f.fps<120.7;,34094.10529295435,33440,1.4482000005955342,0,0.0
161,SELECT COUNT(*) FROM fps f WHERE f.gamesetting>2 AND f.fps=104.2;,16.82593369220409,23,1.410000000760192,0,0.0
162,SELECT COUNT(*) FROM fps f WHERE f.gamesetting>3 AND f.fps<230.4;,47672.58651383704,48013,1.3730999999097548,0,0.0
163,SELECT COUNT(*) FROM fps f WHERE f.gamesetting<3 AND f.fps>450.0;,1479.2119010778924,1416,1.3498000007530209,0,0.0
164,SELECT COUNT(*) FROM fps f WHERE f.gamesetting<2 AND f.fps>630.0;,32.973584090560735,60,2.127300002030097,0,0.0
165,SELECT COUNT(*) FROM fps f WHERE f.gamesetting=3 AND f.fps<131.0;,119822.43507693041,124776,1.5019999991636723,0,0.0
166,SELECT COUNT(*) FROM fps f WHERE f.gamesetting<2 AND f.fps<600.0;,68410.24536484118,68375,1.3825999994878657,0,0.0
167,SELECT COUNT(*) FROM fps f WHERE f.gamesetting>1 AND f.fps=120.8;,7.590663129329599,9,1.4222999998310115,0,0.0
168,SELECT COUNT(*) FROM fps f WHERE f.gamesetting>1 AND f.fps>232.8;,59730.161592654054,60313,1.357199998892611,0,0.0
169,SELECT COUNT(*) FROM fps f WHERE f.gamesetting>2 AND f.fps=149.1;,5.46836244585529,7,1.4069999997445848,0,0.0
170,SELECT COUNT(*) FROM fps f WHERE f.gamesetting=2 AND f.fps=60.0;,2859.0198873992563,2044,1.3823000008414965,0,0.0
171,SELECT COUNT(*) FROM fps f WHERE f.gamesetting=3 AND f.fps=171.0;,6.460109534352432,3,1.3702999967790674,0,0.0
172,SELECT COUNT(*) FROM fps f WHERE f.gamesetting<4 AND f.fps=81.5;,20.494292851051426,10,1.3806999995722435,0,0.0
173,SELECT COUNT(*) FROM fps f WHERE f.gamesetting<3 AND f.fps<610.0;,162112.07062343383,162184,1.5423000004375353,0,0.0
174,SELECT COUNT(*) FROM fps f WHERE f.gamesetting=3 AND f.fps>79.2;,175113.09927884294,176689,1.4408000024559442,0,0.0
175,SELECT COUNT(*) FROM fps f WHERE f.gamesetting=1 AND f.fps<430.0;,68181.04401007119,68135,1.4359999986481853,0,0.0
176,SELECT COUNT(*) FROM fps f WHERE f.gamesetting>2 AND f.fps=119.7;,13.347834109156599,18,1.4314000000013039,0,0.0
177,SELECT COUNT(*) FROM fps f WHERE f.gamesetting<2 AND f.fps<410.0;,68172.39653894381,68126,1.6286999998555984,0,0.0
178,SELECT COUNT(*) FROM fps f WHERE f.gamesetting=3 AND f.fps>122.1;,96891.37253390338,91904,1.5065000006870832,0,0.0
179,SELECT COUNT(*) FROM fps f WHERE f.gamesetting=2 AND f.fps>670.0;,123.75426847710875,44,1.6398999978264328,0,0.0
180,SELECT COUNT(*) FROM fps f WHERE f.gamesetting<2 AND f.fps<90.0;,23141.651823535776,26483,0.06070000017643906,0,0.0
181,SELECT COUNT(*) FROM fps f WHERE f.gamesetting=4 AND f.fps<323.4;,52517.63448738768,52445,2.19219999780762,0,0.0
182,SELECT COUNT(*) FROM fps f WHERE f.gamesetting>1 AND f.fps=298.2;,1.855162747235653,2,1.5023999985714909,0,0.0
183,SELECT COUNT(*) FROM fps f WHERE f.gamesetting=4 AND f.fps=225.4;,1.0,1,1.4147000001685228,0,0.0
184,SELECT COUNT(*) FROM fps f WHERE f.gamesetting<4 AND f.fps>146.4;,126491.92811080591,126254,1.3683999968634453,0,0.0
185,SELECT COUNT(*) FROM fps f WHERE f.gamesetting=1 AND f.fps<60.0;,9851.728527148834,10081,1.3448999998217914,0,0.0
186,SELECT COUNT(*) FROM fps f WHERE f.gamesetting>1 AND f.fps>231.3;,59756.096494174504,60342,1.3698000002477784,0,0.0
187,SELECT COUNT(*) FROM fps f WHERE f.gamesetting<4 AND f.fps=780.0;,6.5862776824818114,7,1.6788000029919203,0,0.0
188,SELECT COUNT(*) FROM fps f WHERE f.gamesetting=4 AND f.fps=47.9;,1.0,2,1.48550000085379,0,0.0
189,SELECT COUNT(*) FROM fps f WHERE f.gamesetting>3 AND f.fps=76.4;,2.70769549736714,11,1.7317999991064426,0,0.0
190,SELECT COUNT(*) FROM fps f WHERE f.gamesetting>3 AND f.fps>58.5;,42992.66406939243,41769,1.7704999991110526,0,0.0
191,SELECT COUNT(*) FROM fps f WHERE f.gamesetting>3 AND f.fps=208.9;,1.0,8,1.5110000022104941,0,0.0
192,SELECT COUNT(*) FROM fps f WHERE f.gamesetting=3 AND f.fps<172.0;,156619.96019812804,158922,1.4708000016980805,0,0.0
193,SELECT COUNT(*) FROM fps f WHERE f.gamesetting<2 AND f.fps<220.0;,60965.00747442314,61506,1.3595000018540304,0,0.0
194,SELECT COUNT(*) FROM fps f WHERE f.gamesetting>3 AND f.fps>155.0;,12016.171947397048,12497,1.8429000010655727,0,0.0
195,SELECT COUNT(*) FROM fps f WHERE f.gamesetting=2 AND f.fps>560.0;,355.1117887595221,219,1.4913000013621058,0,0.0
196,SELECT COUNT(*) FROM fps f WHERE f.gamesetting=1 AND f.fps=530.0;,1.0,3,1.4972999997553416,0,0.0
197,SELECT COUNT(*) FROM fps f WHERE f.gamesetting=1 AND f.fps<160.0;,53229.042161915495,55121,1.3943999983894173,0,0.0
198,SELECT COUNT(*) FROM fps f WHERE f.gamesetting<2 AND f.fps>90.0;,41831.548653323756,37777,1.9796000015048776,0,0.0
199,SELECT COUNT(*) FROM fps f WHERE f.gamesetting<2 AND f.fps=220.0;,346.2801151699068,384,1.5118999981496017,0,0.0
200,SELECT COUNT(*) FROM fps f WHERE f.gamesetting=4 AND f.fps=243.8;,1.0,1,1.48530000296887,0,0.0
201,SELECT COUNT(*) FROM fps f WHERE f.gamesetting>1 AND f.fps<152.3;,249220.0683764933,247186,1.5237000006891321,0,0.0
202,SELECT COUNT(*) FROM fps f WHERE f.gamesetting>1 AND f.fps=301.0;,1.8551627472353227,2,1.748599999700673,0,0.0
203,SELECT COUNT(*) FROM fps f WHERE f.gamesetting<3 AND f.fps=100.0;,12195.664910863128,11549,0.06940000093891285,0,0.0
204,SELECT COUNT(*) FROM fps f WHERE f.gamesetting=4 AND f.fps=251.1;,1.0,1,1.6108000017993618,0,0.0
205,SELECT COUNT(*) FROM fps f WHERE f.gamesetting>3 AND f.fps=205.8;,1.0,4,1.64049999875715,0,0.0
206,SELECT COUNT(*) FROM fps f WHERE f.gamesetting=1 AND f.fps>400.0;,307.6034610562857,354,1.4572000000043772,0,0.0
207,SELECT COUNT(*) FROM fps f WHERE f.gamesetting=2 AND f.fps=110.0;,1423.3267229460116,1227,1.573699999426026,0,0.0
208,SELECT COUNT(*) FROM fps f WHERE f.gamesetting=4 AND f.fps<171.7;,42653.174906037515,42874,1.4805999999225605,0,0.0
209,SELECT COUNT(*) FROM fps f WHERE f.gamesetting>2 AND f.fps=96.9;,15.029168266572311,20,1.4575999994121958,0,0.0
210,SELECT COUNT(*) FROM fps f WHERE f.gamesetting>3 AND f.fps<208.6;,46812.504881831075,47136,1.3850999966962263,0,0.0
211,SELECT COUNT(*) FROM fps f WHERE f.gamesetting=2 AND f.fps>650.0;,127.32577239733337,45,1.5033999989100266,0,0.0
212,SELECT COUNT(*) FROM fps f WHERE f.gamesetting=4 AND f.fps=171.3;,1.0,4,1.7177000008814503,0,0.0
213,SELECT COUNT(*) FROM fps f WHERE f.gamesetting<3 AND f.fps>260.0;,23482.97700470269,24060,1.6940999994403683,0,0.0
214,SELECT COUNT(*) FROM fps f WHERE f.gamesetting=3 AND f.fps<264.2;,190349.53277711183,190668,2.568199997767806,0,0.0
215,SELECT COUNT(*) FROM fps f WHERE f.gamesetting<2 AND f.fps<20.0;,555.1637015231801,221,1.4329000005091075,0,0.0
216,SELECT COUNT(*) FROM fps f WHERE f.gamesetting=3 AND f.fps<207.3;,177311.6272178423,178529,1.4099999971222132,0,0.0
217,SELECT COUNT(*) FROM fps f WHERE f.gamesetting>3 AND f.fps>130.7;,17886.216173430003,18194,1.3460000009217765,0,0.0
218,SELECT COUNT(*) FROM fps f WHERE f.gamesetting<2 AND f.fps>160.0;,14201.213936658625,12322,2.0594999987224583,0,0.0
219,SELECT COUNT(*) FROM fps f WHERE f.gamesetting<3 AND f.fps>380.0;,4302.75200885278,4313,1.492100000177743,0,0.0
220,SELECT COUNT(*) FROM fps f WHERE f.gamesetting<4 AND f.fps=161.5;,9.809012944373801,3,1.4526000013574958,0,0.0
221,SELECT COUNT(*) FROM fps f WHERE f.gamesetting>2 AND f.fps=130.9;,14.010083857100833,19,1.4513999994960614,0,0.0
222,SELECT COUNT(*) FROM fps f WHERE f.gamesetting>1 AND f.fps<256.4;,313515.6079288566,313200,2.0254000010027084,0,0.0
223,SELECT COUNT(*) FROM fps f WHERE f.gamesetting>3 AND f.fps>148.1;,14159.088432669094,14295,1.4673999976366758,0,0.0
224,SELECT COUNT(*) FROM fps f WHERE f.gamesetting<2 AND f.fps=210.0;,153.32287457510154,169,0.06570000186911784,0,0.0
225,SELECT COUNT(*) FROM fps f WHERE f.gamesetting<3 AND f.fps=330.0;,124.52716368242667,134,1.579600000695791,0,0.0
226,SELECT COUNT(*) FROM fps f WHERE f.gamesetting<4 AND f.fps<204.3;,306021.90569797246,305808,1.3691999993170612,0,0.0
227,SELECT COUNT(*) FROM fps f WHERE f.gamesetting>3 AND f.fps<272.8;,49547.06380759097,49841,1.483899999584537,0,0.0
228,SELECT COUNT(*) FROM fps f WHERE f.gamesetting=2 AND f.fps<130.0;,50620.28063994537,43070,1.4440999984799419,0,0.0
229,SELECT COUNT(*) FROM fps f WHERE f.gamesetting>3 AND f.fps=139.7;,1.3570672654711666,7,1.3882000021112617,0,0.0
230,SELECT COUNT(*) FROM fps f WHERE f.gamesetting=3 AND f.fps<32.0;,5009.45693292678,4922,1.3543000022764318,0,0.0
231,SELECT COUNT(*) FROM fps f WHERE f.gamesetting=4 AND f.fps>239.8;,5616.531513547496,5199,1.596499998413492,0,0.0
232,SELECT COUNT(*) FROM fps f WHERE f.gamesetting<4 AND f.fps=137.0;,12.599542044105352,8,1.5296999990823679,0,0.0
233,SELECT COUNT(*) FROM fps f WHERE f.gamesetting>2 AND f.fps<268.5;,239779.7427953957,240392,1.6480000012961682,0,0.0
234,SELECT COUNT(*) FROM fps f WHERE f.gamesetting>1 AND f.fps=253.5;,3.6086969919155267,4,1.5516999992541969,0,0.0
235,SELECT COUNT(*) FROM fps f WHERE f.gamesetting<3 AND f.fps<470.0;,160839.8732691432,160902,1.6661000008753035,0,0.0
236,SELECT COUNT(*) FROM fps f WHERE f.gamesetting=3 AND f.fps>187.8;,49133.64251365358,47437,1.4222999998310115,0,0.0
237,SELECT COUNT(*) FROM fps f WHERE f.gamesetting>2 AND f.fps<174.6;,199458.5379806103,202059,1.4918999986548442,0,0.0
238,SELECT COUNT(*) FROM fps f WHERE f.gamesetting<4 AND f.fps=67.6;,8.744584826250243,7,1.375300002109725,0,0.0
239,SELECT COUNT(*) FROM fps f WHERE f.gamesetting>3 AND f.fps>285.0;,3528.8463148877413,3168,1.8541999997978564,0,0.0
240,SELECT COUNT(*) FROM fps f WHERE f.gamesetting>2 AND f.fps=269.4;,1.4028244788164559,2,1.6884000033314805,0,0.0
241,SELECT COUNT(*) FROM fps f WHERE f.gamesetting=3 AND f.fps=71.2;,7.741292950835518,12,1.4450999988184776,0,0.0
242,SELECT COUNT(*) FROM fps f WHERE f.gamesetting=2 AND f.fps<450.0;,92254.82779588515,92332,1.6262999997707084,0,0.0
243,SELECT COUNT(*) FROM fps f WHERE f.gamesetting=4 AND f.fps<323.8;,52517.70184449717,52446,1.9811000020126812,0,0.0
244,SELECT COUNT(*) FROM fps f WHERE f.gamesetting<3 AND f.fps>700.0;,101.92941695860188,59,1.4418999999179505,0,0.0
245,SELECT COUNT(*) FROM fps f WHERE f.gamesetting=1 AND f.fps=130.0;,1633.2256857990071,1732,1.4183999992383178,0,0.0
246,SELECT COUNT(*) FROM fps f WHERE f.gamesetting=4 AND f.fps<292.5;,49888.63605257889,50310,1.5562999979010783,0,0.0
247,SELECT COUNT(*) FROM fps f WHERE f.gamesetting>1 AND f.fps<221.1;,295818.11961853417,295243,1.490800001192838,0,0.0
248,SELECT COUNT(*) FROM fps f WHERE f.gamesetting=2 AND f.fps>100.0;,51463.165680995626,57183,1.4866999990772456,0,0.0
249,SELECT COUNT(*) FROM fps f WHERE f.gamesetting>2 AND f.fps>48.6;,248057.7287807695,248178,1.5781000001879875,0,0.0
250,SELECT COUNT(*) FROM fps f WHERE f.gamesetting=2 AND f.fps=750.0;,5.158534636948192,2,1.6887000019778498,0,0.0
251,SELECT COUNT(*) FROM fps f WHERE f.gamesetting>2 AND f.fps<119.4;,120141.72535409172,122942,1.6275999987556133,0,0.0
252,SELECT COUNT(*) FROM fps f WHERE f.gamesetting=1 AND f.fps<620.0;,68446.10974741871,68418,1.4840999974694569,0,0.0
253,SELECT COUNT(*) FROM fps f WHERE f.gamesetting=1 AND f.fps=520.0;,1.8983745150724354,1,1.466699999582488,0,0.0
254,SELECT COUNT(*) FROM fps f WHERE f.gamesetting=3 AND f.fps=156.3;,8.073878874239295,7,2.35669999892707,0,0.0
255,SELECT COUNT(*) FROM fps f WHERE f.gamesetting=2 AND f.fps>80.0;,60797.80264210487,64437,1.4404000030481257,0,0.0
256,SELECT COUNT(*) FROM fps f WHERE f.gamesetting=2 AND f.fps=400.0;,1963.4666502891841,2095,1.4030000020284206,0,0.0
257,SELECT COUNT(*) FROM fps f WHERE f.gamesetting=1 AND f.fps<540.0;,68399.33155145663,68363,1.3828000010107644,0,0.0
258,SELECT COUNT(*) FROM fps f WHERE f.gamesetting=1 AND f.fps<470.0;,68247.45171739486,68205,1.653800001804484,0,0.0
259,SELECT COUNT(*) FROM fps f WHERE f.gamesetting>1 AND f.fps=72.0;,18.932665030817546,23,1.4669000011053868,0,0.0
260,SELECT COUNT(*) FROM fps f WHERE f.gamesetting<4 AND f.fps>80.7;,266402.08348951006,267124,1.4097999992372934,0,0.0
261,SELECT COUNT(*) FROM fps f WHERE f.gamesetting=2 AND f.fps=170.0;,496.1649506400333,737,1.5573999990010634,0,0.0
262,SELECT COUNT(*) FROM fps f WHERE f.gamesetting>1 AND f.fps>60.9;,300479.2029022782,301684,2.209400001447648,0,0.0
263,SELECT COUNT(*) FROM fps f WHERE f.gamesetting>2 AND f.fps=243.4;,1.6912621359224063,3,1.4207999993232079,0,0.0
264,SELECT COUNT(*) FROM fps f WHERE f.gamesetting=2 AND f.fps>880.0;,33.90745719024103,19,1.3734999993175734,0,0.0
265,SELECT COUNT(*) FROM fps f WHERE f.gamesetting<4 AND f.fps>800.0;,70.78089000924156,75,1.3275000019348226,0,0.0
266,SELECT COUNT(*) FROM fps f WHERE f.gamesetting=1 AND f.fps=60.0;,2440.746826167264,3439,1.3842999978805892,0,0.0
267,SELECT COUNT(*) FROM fps f WHERE f.gamesetting=3 AND f.fps=65.5;,8.623261794158173,10,1.4355999992403667,0,0.0
268,SELECT COUNT(*) FROM fps f WHERE f.gamesetting<3 AND f.fps<480.0;,160853.8939431155,160909,0.05030000102124177,0,0.0
269,SELECT COUNT(*) FROM fps f WHERE f.gamesetting<3 AND f.fps>780.0;,87.71656170602628,49,1.5125000027182978,0,0.0
270,SELECT COUNT(*) FROM fps f WHERE f.gamesetting<4 AND f.fps>37.5;,353219.59527395037,353124,1.3873999996576458,0,0.0
271,SELECT COUNT(*) FROM fps f WHERE f.gamesetting=3 AND f.fps=173.8;,5.334126639435172,4,2.072399998723995,0,0.0
272,SELECT COUNT(*) FROM fps f WHERE f.gamesetting<2 AND f.fps>40.0;,62796.08782311515,63585,1.388500000757631,0,0.0
273,SELECT COUNT(*) FROM fps f WHERE f.gamesetting>2 AND f.fps>102.7;,152270.9942963874,150289,1.485800003138138,0,0.0
274,SELECT COUNT(*) FROM fps f WHERE f.gamesetting<3 AND f.fps>770.0;,92.19781395333978,53,1.3591999995696824,0,0.0
275,SELECT COUNT(*) FROM fps f WHERE f.gamesetting<2 AND f.fps>140.0;,18587.595778732404,15865,1.3653999994858168,0,0.0
276,SELECT COUNT(*) FROM fps f WHERE f.gamesetting>3 AND f.fps>250.9;,4093.254001382672,3864,1.4818999989074655,0,0.0
277,SELECT COUNT(*) FROM fps f WHERE f.gamesetting=4 AND f.fps<285.6;,49785.51628515852,50151,1.5644999984942842,0,0.0
278,SELECT COUNT(*) FROM fps f WHERE f.gamesetting=4 AND f.fps>186.5;,9800.777090334695,8990,1.3956000002508517,0,0.0
279,SELECT COUNT(*) FROM fps f WHERE f.gamesetting<4 AND f.fps=146.0;,10.818488139946382,4,1.8632999999681488,0,0.0
280,SELECT COUNT(*) FROM fps f WHERE f.gamesetting>1 AND f.fps=197.1;,6.1124419037717805,7,1.6092000005301088,0,0.0
281,SELECT COUNT(*) FROM fps f WHERE f.gamesetting>1 AND f.fps<88.3;,104409.27936370921,101007,1.3675000009243377,0,0.0
282,SELECT COUNT(*) FROM fps f WHERE f.gamesetting=2 AND f.fps>510.0;,414.5526400308823,253,1.5173000028880779,0,0.0
283,SELECT COUNT(*) FROM fps f WHERE f.gamesetting>1 AND f.fps>160.7;,102243.77314954247,104113,1.377599997795187,0,0.0
284,SELECT COUNT(*) FROM fps f WHERE f.gamesetting>3 AND f.fps<358.3;,52748.314335218645,52764,1.5508000033150893,0,0.0
285,SELECT COUNT(*) FROM fps f WHERE f.gamesetting<3 AND f.fps<490.0;,160873.83624241935,160922,1.523899998574052,0,0.0
286,SELECT COUNT(*) FROM fps f WHERE f.gamesetting=1 AND f.fps<100.0;,26984.701298457258,30703,1.3978999995742925,0,0.0
287,SELECT COUNT(*) FROM fps f WHERE f.gamesetting>3 AND f.fps>236.4;,5621.91619735833,5236,1.2941999993927311,0,0.0
288,SELECT COUNT(*) FROM fps f WHERE f.gamesetting=3 AND f.fps>153.9;,60560.76733319167,57267,1.9122000012430362,0,0.0
289,SELECT COUNT(*) FROM fps f WHERE f.gamesetting>3 AND f.fps=271.6;,1.0,2,1.3890000009268988,0,0.0
290,SELECT COUNT(*) FROM fps f WHERE f.gamesetting=1 AND f.fps>260.0;,4572.219869219074,4262,1.3489000011759344,0,0.0
291,SELECT COUNT(*) FROM fps f WHERE f.gamesetting>3 AND f.fps=345.6;,1.0,1,1.333399999566609,0,0.0
292,SELECT COUNT(*) FROM fps f WHERE f.gamesetting=1 AND f.fps<180.0;,55192.73445649202,56756,2.8144999996584374,0,0.0
293,SELECT COUNT(*) FROM fps f WHERE f.gamesetting<2 AND f.fps=1000.0;,3.8595282305212013,1,1.6467999994347338,0,0.0
294,SELECT COUNT(*) FROM fps f WHERE f.gamesetting>2 AND f.fps=36.5;,1.6067816074193486,3,1.4049000019440427,0,0.0
295,SELECT COUNT(*) FROM fps f WHERE f.gamesetting=3 AND f.fps>207.2;,32909.372782157865,31692,1.4752999995835125,0,0.0
296,SELECT COUNT(*) FROM fps f WHERE f.gamesetting<3 AND f.fps>620.0;,180.5975205427344,111,1.5586000008624978,0,0.0
297,SELECT COUNT(*) FROM fps f WHERE f.gamesetting<2 AND f.fps=10.0;,255.02948763998927,107,1.5276999984052964,0,0.0
298,SELECT COUNT(*) FROM fps f WHERE f.gamesetting>2 AND f.fps>174.4;,64084.15502085397,61486,1.3032999995630234,0,0.0
299,SELECT COUNT(*) FROM fps f WHERE f.gamesetting=1 AND f.fps<380.0;,67808.01066601805,67800,1.3942000005044974,0,0.0
300,SELECT COUNT(*) FROM fps f WHERE f.gamesetting=4 AND f.fps=138.3;,1.3306343224722401,7,1.8195000011473894,0,0.0
301,SELECT COUNT(*) FROM fps f WHERE f.gamesetting=2 AND f.fps<590.0;,93473.61485009125,93608,1.4146000030450523,0,0.0
302,SELECT COUNT(*) FROM fps f WHERE f.gamesetting<2 AND f.fps>800.0;,9.438239398946958,4,0.048499998229090124,0,0.0
303,SELECT COUNT(*) FROM fps f WHERE f.gamesetting<2 AND f.fps>330.0;,939.3304139685714,950,1.308000002609333,0,0.0
304,SELECT COUNT(*) FROM fps f WHERE f.gamesetting=1 AND f.fps<520.0;,68396.63105547758,68359,1.3499000015144702,0,0.0
305,SELECT COUNT(*) FROM fps f WHERE f.gamesetting<4 AND f.fps=129.1;,13.371120752690455,6,1.4717000012751669,0,0.0
306,SELECT COUNT(*) FROM fps f WHERE f.gamesetting<3 AND f.fps=110.0;,3091.4510522402443,3136,1.3890000009268988,0,0.0
307,SELECT COUNT(*) FROM fps f WHERE f.gamesetting>3 AND f.fps=95.7;,1.2608106890497865,6,1.3599999983853195,0,0.0
308,SELECT COUNT(*) FROM fps f WHERE f.gamesetting=2 AND f.fps=410.0;,16.764284817104745,9,1.3414999993983656,0,0.0
309,SELECT COUNT(*) FROM fps f WHERE f.gamesetting=1 AND f.fps=470.0;,2.0562126349723573,3,1.7705000027490314,0,0.0
310,SELECT COUNT(*) FROM fps f WHERE f.gamesetting<4 AND f.fps>113.4;,202546.07095386746,203453,1.462200001697056,0,0.0
311,SELECT COUNT(*) FROM fps f WHERE f.gamesetting=2 AND f.fps<610.0;,93666.30444825628,93766,0.050499998906161636,0,0.0
312,SELECT COUNT(*) FROM fps f WHERE f.gamesetting<4 AND f.fps=108.9;,22.193960889657863,12,1.5764999989187345,0,0.0
313,SELECT COUNT(*) FROM fps f WHERE f.gamesetting>3 AND f.fps=119.9;,1.06934105448335,4,2.0973999999114312,0,0.0
314,SELECT COUNT(*) FROM fps f WHERE f.gamesetting=1 AND f.fps=410.0;,3.0561258177232307,4,1.4310000005934853,0,0.0
315,SELECT COUNT(*) FROM fps f WHERE f.gamesetting<4 AND f.fps=235.9;,2.4628341266935183,1,1.3986999983899295,0,0.0
316,SELECT COUNT(*) FROM fps f WHERE f.gamesetting<3 AND f.fps=60.0;,5299.766713566521,5483,1.3901999991503544,0,0.0
317,SELECT COUNT(*) FROM fps f WHERE f.gamesetting<4 AND f.fps>64.2;,315182.8231678741,316438,2.046899997367291,0,0.0
318,SELECT COUNT(*) FROM fps f WHERE f.gamesetting>2 AND f.fps>236.9;,35408.49967886172,33889,1.3628000015160069,0,0.0
319,SELECT COUNT(*) FROM fps f WHERE f.gamesetting<3 AND f.fps<440.0;,160422.56693520027,160467,1.3538999992306344,0,0.0
320,SELECT COUNT(*) FROM fps f WHERE f.gamesetting<2 AND f.fps<460.0;,68244.2330839691,68199,1.3424999997369014,0,0.0
321,SELECT COUNT(*) FROM fps f WHERE f.gamesetting=4 AND f.fps=174.3;,1.0,4,1.4966999988246243,0,0.0
322,SELECT COUNT(*) FROM fps f WHERE f.gamesetting>3 AND f.fps=167.1;,1.0429081114840917,8,1.5404999976453837,0,0.0
323,SELECT COUNT(*) FROM fps f WHERE f.gamesetting=4 AND f.fps<84.4;,19908.656440807175,20871,1.3687999999092426,0,0.0
324,SELECT COUNT(*) FROM fps f WHERE f.gamesetting<2 AND f.fps>160.0;,14201.213936658625,12322,0.048499998229090124,0,0.0
325,SELECT COUNT(*) FROM fps f WHERE f.gamesetting=1 AND f.fps<750.0;,68460.59226652393,68454,1.3923999977123458,0,0.0
326,SELECT COUNT(*) FROM fps f WHERE f.gamesetting=1 AND f.fps=430.0;,4.1791922733096705,8,2.1005999988119584,0,0.0
327,SELECT COUNT(*) FROM fps f WHERE f.gamesetting=1 AND f.fps<470.0;,68247.45171739486,68205,0.051799997891066596,0,0.0
328,SELECT COUNT(*) FROM fps f WHERE f.gamesetting=4 AND f.fps=260.1;,1.0,1,1.5655000024707988,0,0.0
329,SELECT COUNT(*) FROM fps f WHERE f.gamesetting=2 AND f.fps<300.0;,76835.38404458486,75453,1.4090000004216563,0,0.0
330,SELECT COUNT(*) FROM fps f WHERE f.gamesetting>1 AND f.fps>186.6;,91286.30296208292,92794,1.8154999997932464,0,0.0
331,SELECT COUNT(*) FROM fps f WHERE f.gamesetting>1 AND f.fps<111.1;,163045.3797390825,159268,1.5278000028047245,0,0.0
332,SELECT COUNT(*) FROM fps f WHERE f.gamesetting<3 AND f.fps=780.0;,4.48125224731351,4,1.4160999999148771,0,0.0
333,SELECT COUNT(*) FROM fps f WHERE f.gamesetting=2 AND f.fps>180.0;,32364.45856859747,36345,1.5208000004349742,0,0.0
334,SELECT COUNT(*) FROM fps f WHERE f.gamesetting=4 AND f.fps=87.3;,2.7531732243421754,11,1.4220999983081128,0,0.0
335,SELECT COUNT(*) FROM fps f WHERE f.gamesetting=1 AND f.fps>0.0;,68179.86578611689,68366,1.7503000017313752,0,0.0
336,SELECT COUNT(*) FROM fps f WHERE f.gamesetting<2 AND f.fps<540.0;,68399.33155145663,68363,1.3828000010107644,0,0.0
337,SELECT COUNT(*) FROM fps f WHERE f.gamesetting=1 AND f.fps>240.0;,6339.775722427739,5777,1.5143999989959411,0,0.0
338,SELECT COUNT(*) FROM fps f WHERE f.gamesetting=4 AND f.fps>75.4;,37375.33316014336,36122,1.4193999995768536,0,0.0
339,SELECT COUNT(*) FROM fps f WHERE f.gamesetting<3 AND f.fps=260.0;,451.2612592356726,476,2.015199999732431,0,0.0
340,SELECT COUNT(*) FROM fps f WHERE f.gamesetting>1 AND f.fps=128.0;,11.078130036708684,13,1.4010999984748196,0,0.0
341,SELECT COUNT(*) FROM fps f WHERE f.gamesetting>2 AND f.fps=183.0;,2.902983931914397,4,1.5816000013728626,0,0.0
342,SELECT COUNT(*) FROM fps f WHERE f.gamesetting>2 AND f.fps>134.0;,107932.42945590187,103156,1.3499999986379407,0,0.0
343,SELECT COUNT(*) FROM fps f WHERE f.gamesetting<2 AND f.fps=320.0;,39.636322547968234,57,0.05850000161444768,0,0.0
344,SELECT COUNT(*) FROM fps f WHERE f.gamesetting<2 AND f.fps=800.0;,7.505879968939064,15,0.061400001868605614,0,0.0
345,SELECT COUNT(*) FROM fps f WHERE f.gamesetting=2 AND f.fps<110.0;,42578.31164864118,36635,1.6780000005383044,0,0.0
346,SELECT COUNT(*) FROM fps f WHERE f.gamesetting=3 AND f.fps<182.3;,160815.31594695078,162670,1.4040000023669563,0,0.0
347,SELECT COUNT(*) FROM fps f WHERE f.gamesetting=1 AND f.fps=900.0;,3.495891338288947,2,1.3731999970332254,0,0.0
348,SELECT COUNT(*) FROM fps f WHERE f.gamesetting=3 AND f.fps>106.1;,125992.15028830044,124422,2.3107999986677896,0,0.0
349,SELECT COUNT(*) FROM fps f WHERE f.gamesetting<4 AND f.fps=107.2;,26.68728858282835,15,1.4798000011069234,0,0.0
350,SELECT COUNT(*) FROM fps f WHERE f.gamesetting=2 AND f.fps<600.0;,93476.9767560508,93610,1.3763999995717313,0,0.0
351,SELECT COUNT(*) FROM fps f WHERE f.gamesetting=1 AND f.fps<230.0;,61336.44932657059,61890,1.3594999982160516,0,0.0
352,SELECT COUNT(*) FROM fps f WHERE f.gamesetting=1 AND f.fps>320.0;,966.9121385122231,991,1.8980000022565946,0,0.0
353,SELECT COUNT(*) FROM fps f WHERE f.gamesetting<4 AND f.fps=216.9;,1.641889417795679,1,1.5420000017911661,0,0.0
354,SELECT COUNT(*) FROM fps f WHERE f.gamesetting=3 AND f.fps=94.6;,12.244982872286425,8,1.4112000026216265,0,0.0
355,SELECT COUNT(*) FROM fps f WHERE f.gamesetting=1 AND f.fps<500.0;,68253.77451815104,68210,1.4349999983096495,0,0.0
356,SELECT COUNT(*) FROM fps f WHERE f.gamesetting>2 AND f.fps<253.9;,238897.3701046384,239475,1.9624000015028287,0,0.0
357,SELECT COUNT(*) FROM fps f WHERE f.gamesetting<4 AND f.fps>227.4;,62629.86106310196,63055,1.5379999967990443,0,0.0
358,SELECT COUNT(*) FROM fps f WHERE f.gamesetting<2 AND f.fps=190.0;,271.1710798693419,265,1.4093999998294748,0,0.0
359,SELECT COUNT(*) FROM fps f WHERE f.gamesetting=1 AND f.fps<530.0;,68398.52942999265,68360,1.345600001513958,0,0.0
360,SELECT COUNT(*) FROM fps f WHERE f.gamesetting>3 AND f.fps=220.7;,1.0,4,1.3398000010056421,0,0.0
361,SELECT COUNT(*) FROM fps f WHERE f.gamesetting<4 AND f.fps>53.8;,326822.7425929651,327996,1.6114999998535495,0,0.0
362,SELECT COUNT(*) FROM fps f WHERE f.gamesetting<3 AND f.fps>30.0;,148148.36377117017,147970,1.4799999989918433,0,0.0
363,SELECT COUNT(*) FROM fps f WHERE f.gamesetting=3 AND f.fps=213.9;,1.588429146832667,2,1.384499999403488,0,0.0
364,SELECT COUNT(*) FROM fps f WHERE f.gamesetting<3 AND f.fps<50.0;,20356.567895015396,20443,1.3887999994040001,0,0.0
365,SELECT COUNT(*) FROM fps f WHERE f.gamesetting=2 AND f.fps>60.0;,70627.53103032777,71016,1.5930000008665957,0,0.0
366,SELECT COUNT(*) FROM fps f WHERE f.gamesetting>1 AND f.fps<183.3;,265847.99829081586,264308,1.3950000029581133,0,0.0
367,SELECT COUNT(*) FROM fps f WHERE f.gamesetting<3 AND f.fps>290.0;,21042.77493743619,22002,1.4469000016106293,0,0.0
368,SELECT COUNT(*) FROM fps f WHERE f.gamesetting=2 AND f.fps<650.0;,93675.54174361778,93769,1.4841000011074357,0,0.0
369,SELECT COUNT(*) FROM fps f WHERE f.gamesetting<2 AND f.fps>50.0;,58831.50328975928,58399,1.6365999981644563,0,0.0
370,SELECT COUNT(*) FROM fps f WHERE f.gamesetting>2 AND f.fps=209.2;,2.9029839319139334,4,1.4632999991590623,0,0.0
371,SELECT COUNT(*) FROM fps f WHERE f.gamesetting<2 AND f.fps<340.0;,67542.84214482298,67530,1.4762000027985778,0,0.0
372,SELECT COUNT(*) FROM fps f WHERE f.gamesetting<3 AND f.fps>170.0;,47247.077350536005,49741,2.840900000592228,0,0.0
373,SELECT COUNT(*) FROM fps f WHERE f.gamesetting=1 AND f.fps>210.0;,7549.364649718094,6974,1.501899998402223,0,0.0
374,SELECT COUNT(*) FROM fps f WHERE f.gamesetting>2 AND f.fps>91.3;,178315.23713381455,177627,1.4914999992470257,0,0.0
375,SELECT COUNT(*) FROM fps f WHERE f.gamesetting=3 AND f.fps>151.9;,60740.7081192215,57371,1.4696999969601166,0,0.0
376,SELECT COUNT(*) FROM fps f WHERE f.gamesetting>3 AND f.fps<248.3;,48098.52682377731,48516,1.6395999991800636,0,0.0
377,SELECT COUNT(*) FROM fps f WHERE f.gamesetting=3 AND f.fps=89.3;,12.047952087663935,12,1.7367999971611425,0,0.0
378,SELECT COUNT(*) FROM fps f WHERE f.gamesetting=2 AND f.fps=170.0;,496.1649506400333,737,0.07130000085453503,0,0.0
379,SELECT COUNT(*) FROM fps f WHERE f.gamesetting>2 AND f.fps>105.8;,151835.863426647,149687,1.6317000008712057,0,0.0
380,SELECT COUNT(*) FROM fps f WHERE f.gamesetting=3 AND f.fps=70.3;,12.151378825671202,16,1.5987999977369327,0,0.0
381,SELECT COUNT(*) FROM fps f WHERE f.gamesetting<2 AND f.fps>80.0;,45679.199985334286,41997,1.577399998495821,0,0.0
382,SELECT COUNT(*) FROM fps f WHERE f.gamesetting=4 AND f.fps<186.5;,43512.47475828701,44322,1.4601999973820057,0,0.0
383,SELECT COUNT(*) FROM fps f WHERE f.gamesetting<3 AND f.fps>350.0;,4543.9133619132135,4507,1.5019999991636723,0,0.0
384,SELECT COUNT(*) FROM fps f WHERE f.gamesetting<4 AND f.fps>93.1;,246524.38049228388,247468,1.704099999187747,0,0.0
385,SELECT COUNT(*) FROM fps f WHERE f.gamesetting>2 AND f.fps<226.5;,226864.2282630507,228401,1.494500000262633,0,0.0
386,SELECT COUNT(*) FROM fps f WHERE f.gamesetting>3 AND f.fps<102.0;,27427.243279833576,27688,1.4597999979741871,0,0.0
387,SELECT COUNT(*) FROM fps f WHERE f.gamesetting=4 AND f.fps>42.3;,46498.309279016335,45979,1.49549999696319,0,0.0
388,SELECT COUNT(*) FROM fps f WHERE f.gamesetting>3 AND f.fps=244.5;,1.0,1,1.5266999980667606,0,0.0
389,SELECT COUNT(*) FROM fps f WHERE f.gamesetting=1 AND f.fps>360.0;,681.1794159425638,694,0.0689999978931155,0,0.0
390,SELECT COUNT(*) FROM fps f WHERE f.gamesetting<3 AND f.fps>100.0;,86609.31604957949,88440,1.5074000002641696,0,0.0
391,SELECT COUNT(*) FROM fps f WHERE f.gamesetting>2 AND f.fps<73.4;,50302.20621670483,49845,1.4300000002549496,0,0.0
392,SELECT COUNT(*) FROM fps f WHERE f.gamesetting>3 AND f.fps<88.2;,19993.078665184432,21211,1.7911000031745061,0,0.0
393,SELECT COUNT(*) FROM fps f WHERE f.gamesetting=2 AND f.fps>240.0;,22739.175112410016,24696,1.629099999263417,0,0.0
394,SELECT COUNT(*) FROM fps f WHERE f.gamesetting<2 AND f.fps>270.0;,4432.262142855537,4122,1.4193999995768536,0,0.0
395,SELECT COUNT(*) FROM fps f WHERE f.gamesetting>2 AND f.fps<242.6;,230722.5936725908,232135,1.4564000011887401,0,0.0
396,SELECT COUNT(*) FROM fps f WHERE f.gamesetting=2 AND f.fps=120.0;,6242.1738793085,5208,1.6821999997773673,0,0.0
397,SELECT COUNT(*) FROM fps f WHERE f.gamesetting>2 AND f.fps=151.5;,9.01750095994303,12,1.5305999986594543,0,0.0
398,SELECT COUNT(*) FROM fps f WHERE f.gamesetting>1 AND f.fps<211.8;,293229.57974772505,292661,1.4649000004283153,0,0.0
399,SELECT COUNT(*) FROM fps f WHERE f.gamesetting>3 AND f.fps<204.3;,46795.09430202793,47009,1.3838999984727707,0,0.0
400,SELECT COUNT(*) FROM fps f WHERE f.gamesetting>3 AND f.fps<124.7;,34166.09433478655,33769,1.77590000021155,0,0.0
401,SELECT COUNT(*) FROM fps f WHERE f.gamesetting=2 AND f.fps>100.0;,51463.165680995626,57183,0.1505999971413985,0,0.0
402,SELECT COUNT(*) FROM fps f WHERE f.gamesetting=4 AND f.fps>146.3;,14184.102752494504,14426,1.7005999980028719,0,0.0
403,SELECT COUNT(*) FROM fps f WHERE f.gamesetting=4 AND f.fps>223.6;,5931.779253911984,5546,1.5727999998489395,0,0.0
404,SELECT COUNT(*) FROM fps f WHERE f.gamesetting<4 AND f.fps<196.3;,280960.0409783458,279806,1.6052000028139446,0,0.0
405,SELECT COUNT(*) FROM fps f WHERE f.gamesetting>3 AND f.fps=308.6;,1.0,1,1.629899998079054,0,0.0
406,SELECT COUNT(*) FROM fps f WHERE f.gamesetting<3 AND f.fps>560.0;,427.58917369664874,325,2.1430000015243422,0,0.0
407,SELECT COUNT(*) FROM fps f WHERE f.gamesetting>3 AND f.fps=86.0;,2.1471137862644585,10,2.0868999999947846,0,0.0
408,SELECT COUNT(*) FROM fps f WHERE f.gamesetting<4 AND f.fps>275.9;,42305.23739038322,42627,1.45899999915855,0,0.0
409,SELECT COUNT(*) FROM fps f WHERE f.gamesetting>3 AND f.fps=150.2;,1.0,4,1.4835000001767185,0,0.0
410,SELECT COUNT(*) FROM fps f WHERE f.gamesetting<2 AND f.fps>90.0;,41831.548653323756,37777,0.055100001191021875,0,0.0
411,SELECT COUNT(*) FROM fps f WHERE f.gamesetting<2 AND f.fps<650.0;,68447.4846254564,68421,0.05249999958323315,0,0.0
412,SELECT COUNT(*) FROM fps f WHERE f.gamesetting>1 AND f.fps>313.7;,9505.351398774708,9466,2.0839999997406267,0,0.0
413,SELECT COUNT(*) FROM fps f WHERE f.gamesetting=1 AND f.fps=70.0;,4646.894841130305,6301,1.5715000008640345,0,0.0
414,SELECT COUNT(*) FROM fps f WHERE f.gamesetting>3 AND f.fps>302.6;,852.5507930544969,1030,1.4207000021997374,0,0.0
415,SELECT COUNT(*) FROM fps f WHERE f.gamesetting>3 AND f.fps=89.7;,2.8863814576118334,9,1.5763000010338146,0,0.0
416,SELECT COUNT(*) FROM fps f WHERE f.gamesetting<3 AND f.fps<430.0;,160394.38361109048,160445,2.0359999980428256,0,0.0
417,SELECT COUNT(*) FROM fps f WHERE f.gamesetting<4 AND f.fps=137.6;,7.177081502632699,3,1.7396999974153005,0,0.0
418,SELECT COUNT(*) FROM fps f WHERE f.gamesetting=3 AND f.fps>91.8;,147491.22344392512,147606,1.4416000012715813,0,0.0
419,SELECT COUNT(*) FROM fps f WHERE f.gamesetting<4 AND f.fps>118.4;,201697.99764891292,202990,1.3800000015180558,0,0.0
420,SELECT COUNT(*) FROM fps f WHERE f.gamesetting=2 AND f.fps>390.0;,3616.177795184173,3634,1.525800002127653,0,0.0
421,SELECT COUNT(*) FROM fps f WHERE f.gamesetting=4 AND f.fps<251.0;,49220.745998617385,49450,1.5286999987438321,0,0.0
422,SELECT COUNT(*) FROM fps f WHERE f.gamesetting=1 AND f.fps<150.0;,50096.67318902712,52615,1.429600000847131,0,0.0
423,SELECT COUNT(*) FROM fps f WHERE f.gamesetting<2 AND f.fps=630.0;,1.0,1,1.3765000003331807,0,0.0
424,SELECT COUNT(*) FROM fps f WHERE f.gamesetting=4 AND f.fps=127.9;,1.287243632048742,9,1.6818000003695488,0,0.0
425,SELECT COUNT(*) FROM fps f WHERE f.gamesetting<4 AND f.fps<144.9;,245825.23734015832,246165,1.4612999984819908,0,0.0
426,SELECT COUNT(*) FROM fps f WHERE f.gamesetting<4 AND f.fps=206.8;,4.518717117894029,1,1.4246999999159016,0,0.0
427,SELECT COUNT(*) FROM fps f WHERE f.gamesetting=4 AND f.fps<71.3;,15846.68618748332,16931,1.3513000012608245,0,0.0
428,SELECT COUNT(*) FROM fps f WHERE f.gamesetting<3 AND f.fps<510.0;,161794.38833250158,161918,1.9257999992987607,0,0.0
429,SELECT COUNT(*) FROM fps f WHERE f.gamesetting<4 AND f.fps<228.1;,309898.3568273586,309468,1.5813000027264934,0,0.0
430,SELECT COUNT(*) FROM fps f WHERE f.gamesetting=2 AND f.fps>380.0;,3645.269644423145,3650,1.3679000003321562,0,0.0
431,SELECT COUNT(*) FROM fps f WHERE f.gamesetting=3 AND f.fps<154.9;,149730.6233051774,152992,1.333399999566609,0,0.0
432,SELECT COUNT(*) FROM fps f WHERE f.gamesetting=4 AND f.fps>153.7;,12034.517181380945,12616,1.8764999986160547,0,0.0
433,SELECT COUNT(*) FROM fps f WHERE f.gamesetting<2 AND f.fps=380.0;,14.506969552402634,17,1.5151999978115782,0,0.0
434,SELECT COUNT(*) FROM fps f WHERE f.gamesetting>2 AND f.fps<52.1;,25901.653240642532,24944,1.3806999995722435,0,0.0
435,SELECT COUNT(*) FROM fps f WHERE f.gamesetting>2 AND f.fps<141.6;,178678.34575759628,181701,1.3805000016873237,0,0.0
436,SELECT COUNT(*) FROM fps f WHERE f.gamesetting>1 AND f.fps<320.9;,348259.62246400694,348284,2.098400000249967,0,0.0
437,SELECT COUNT(*) FROM fps f WHERE f.gamesetting<4 AND f.fps=50.3;,2.6319314417395665,2,1.52660000094329,0,0.0
438,SELECT COUNT(*) FROM fps f WHERE f.gamesetting>1 AND f.fps=233.7;,1.7754922526782766,2,1.430399999662768,0,0.0
439,SELECT COUNT(*) FROM fps f WHERE f.gamesetting=4 AND f.fps<110.9;,28807.025207988016,29534,1.3534999998228159,0,0.0
440,SELECT COUNT(*) FROM fps f WHERE f.gamesetting=1 AND f.fps<170.0;,54437.68535059642,56158,1.4855999979772605,0,0.0
441,SELECT COUNT(*) FROM fps f WHERE f.gamesetting<3 AND f.fps=880.0;,1.3476568369395387,1,1.810599998862017,0,0.0
442,SELECT COUNT(*) FROM fps f WHERE f.gamesetting=1 AND f.fps<620.0;,68446.10974741871,68418,0.0686999992467463,0,0.0
443,SELECT COUNT(*) FROM fps f WHERE f.gamesetting=1 AND f.fps>230.0;,6907.0472822039455,6318,1.4568000005965587,0,0.0
444,SELECT COUNT(*) FROM fps f WHERE f.gamesetting=3 AND f.fps<89.9;,51410.383354021185,50592,1.8873999979405198,0,0.0
445,SELECT COUNT(*) FROM fps f WHERE f.gamesetting>2 AND f.fps=233.6;,3.542658366898571,5,1.6476999990118202,0,0.0
446,SELECT COUNT(*) FROM fps f WHERE f.gamesetting>1 AND f.fps<97.3;,122554.1565609357,118746,1.4053999984753318,0,0.0
447,SELECT COUNT(*) FROM fps f WHERE f.gamesetting>3 AND f.fps<121.8;,34113.874014965564,33536,1.344000000244705,0,0.0
448,SELECT COUNT(*) FROM fps f WHERE f.gamesetting<3 AND f.fps=100.0;,12195.664910863128,11549,0.04949999856762588,0,0.0
449,SELECT COUNT(*) FROM fps f WHERE f.gamesetting=3 AND f.fps>226.1;,30752.357098420944,29633,1.9915000011678785,0,0.0
450,SELECT COUNT(*) FROM fps f WHERE f.gamesetting=3 AND f.fps<42.9;,8453.094440609688,7682,1.467199999751756,0,0.0
451,SELECT COUNT(*) FROM fps f WHERE f.gamesetting=2 AND f.fps=250.0;,3451.9767888423535,4575,1.4413999997486826,0,0.0
452,SELECT COUNT(*) FROM fps f WHERE f.gamesetting>3 AND f.fps>255.6;,4088.576606024059,3822,1.356699998723343,0,0.0
453,SELECT COUNT(*) FROM fps f WHERE f.gamesetting=2 AND f.fps>650.0;,127.32577239733337,45,0.049700000090524554,0,0.0
454,SELECT COUNT(*) FROM fps f WHERE f.gamesetting>1 AND f.fps<65.0;,57358.178568412586,56267,2.197800000431016,0,0.0
455,SELECT COUNT(*) FROM fps f WHERE f.gamesetting=3 AND f.fps>51.7;,194566.96824229462,196693,1.7442000025766902,0,0.0
456,SELECT COUNT(*) FROM fps f WHERE f.gamesetting>3 AND f.fps=55.6;,1.6129650181609965,5,1.405200000590412,0,0.0
457,SELECT COUNT(*) FROM fps f WHERE f.gamesetting>2 AND f.fps=221.6;,1.9764633733068944,3,1.6651000005367678,0,0.0
458,SELECT COUNT(*) FROM fps f WHERE f.gamesetting<2 AND f.fps<650.0;,68447.4846254564,68421,0.0652999988233205,0,0.0
459,SELECT COUNT(*) FROM fps f WHERE f.gamesetting=1 AND f.fps<620.0;,68446.10974741871,68418,0.052699997468153015,0,0.0
460,SELECT COUNT(*) FROM fps f WHERE f.gamesetting=1 AND f.fps>630.0;,32.973584090560735,60,1.4312999992398545,0,0.0
461,SELECT COUNT(*) FROM fps f WHERE f.gamesetting<2 AND f.fps<140.0;,44930.49791522753,47573,1.3424000026134308,0,0.0
462,SELECT COUNT(*) FROM fps f WHERE f.gamesetting=1 AND f.fps<780.0;,68462.28250341362,68457,1.53159999899799,0,0.0
463,SELECT COUNT(*) FROM fps f WHERE f.gamesetting<4 AND f.fps>100.9;,213178.79308500592,213366,1.471999999921536,0,0.0
464,SELECT COUNT(*) FROM fps f WHERE f.gamesetting<2 AND f.fps=510.0;,1.12567664832561,3,1.4009000005898997,0,0.0
465,SELECT COUNT(*) FROM fps f WHERE f.gamesetting<3 AND f.fps>380.0;,4302.75200885278,4313,0.057100001868093386,0,0.0
466,SELECT COUNT(*) FROM fps f WHERE f.gamesetting>3 AND f.fps=146.5;,2.0044303574208606,14,1.545099999930244,0,0.0
467,SELECT COUNT(*) FROM fps f WHERE f.gamesetting<3 AND f.fps>430.0;,1875.433064799858,1831,1.9089000015810598,0,0.0
468,SELECT COUNT(*) FROM fps f WHERE f.gamesetting=4 AND f.fps<317.4;,52481.126337405665,52384,1.437300001271069,0,0.0
469,SELECT COUNT(*) FROM fps f WHERE f.gamesetting=1 AND f.fps>190.0;,11916.36916531495,10445,1.3752000013482757,0,0.0
470,SELECT COUNT(*) FROM fps f WHERE f.gamesetting=3 AND f.fps=74.3;,11.658681035005085,12,1.4107000024523586,0,0.0
471,SELECT COUNT(*) FROM fps f WHERE f.gamesetting=4 AND f.fps<52.6;,10239.302526042737,11404,1.9499000009091105,0,0.0
472,SELECT COUNT(*) FROM fps f WHERE f.gamesetting=2 AND f.fps=1000.0;,19.404276213228133,15,1.612399999430636,0,0.0
473,SELECT COUNT(*) FROM fps f WHERE f.gamesetting>1 AND f.fps>252.5;,43884.29645666251,44205,1.4379000022017863,0,0.0
474,SELECT COUNT(*) FROM fps f WHERE f.gamesetting>2 AND f.fps=302.1;,1.0,1,1.3896999989810865,0,0.0
475,SELECT COUNT(*) FROM fps f WHERE f.gamesetting=4 AND f.fps>121.1;,19210.83748037613,19834,2.386099997238489,0,0.0
476,SELECT COUNT(*) FROM fps f WHERE f.gamesetting<4 AND f.fps=140.5;,15.257906428844345,9,1.4800999997532926,0,0.0
477,SELECT COUNT(*) FROM fps f WHERE f.gamesetting=4 AND f.fps>126.0;,19122.521462110046,19423,1.4321000016934704,0,0.0
478,SELECT COUNT(*) FROM fps f WHERE f.gamesetting=4 AND f.fps=164.1;,1.1116882266309607,8,1.66940000053728,0,0.0
479,SELECT COUNT(*) FROM fps f WHERE f.gamesetting>3 AND f.fps<191.7;,43744.04540806128,44729,1.9998999996460043,0,0.0
480,SELECT COUNT(*) FROM fps f WHERE f.gamesetting>3 AND f.fps<251.0;,49220.745998617385,49450,1.4020999988133553,0,0.0
481,SELECT COUNT(*) FROM fps f WHERE f.gamesetting=1 AND f.fps>400.0;,307.6034610562857,354,0.050999999075429514,0,0.0
482,SELECT COUNT(*) FROM fps f WHERE f.gamesetting=2 AND f.fps=100.0;,5846.516577904155,5029,1.5519000007770956,0,0.0
483,SELECT COUNT(*) FROM fps f WHERE f.gamesetting=3 AND f.fps>161.0;,56563.3471160568,53768,1.372400001855567,0,0.0
484,SELECT COUNT(*) FROM fps f WHERE f.gamesetting=3 AND f.fps<66.1;,21816.096276357486,19969,1.5377999989141244,0,0.0
485,SELECT COUNT(*) FROM fps f WHERE f.gamesetting>1 AND f.fps>77.8;,278302.6115494254,280637,1.3794999977108091,0,0.0
486,SELECT COUNT(*) FROM fps f WHERE f.gamesetting=3 AND f.fps=263.2;,1.0,1,1.5419999981531873,0,0.0
487,SELECT COUNT(*) FROM fps f WHERE f.gamesetting=3 AND f.fps=85.6;,13.028557152408323,12,1.4164999993226957,0,0.0
488,SELECT COUNT(*) FROM fps f WHERE f.gamesetting=1 AND f.fps<450.0;,68188.75090415395,68149,1.4174000025377609,0,0.0
489,SELECT COUNT(*) FROM fps f WHERE f.gamesetting=2 AND f.fps<20.0;,1295.29628186863,1324,1.3695999987248797,0,0.0
490,SELECT COUNT(*) FROM fps f WHERE f.gamesetting=2 AND f.fps>900.0;,22.51517375855908,15,1.4914999992470257,0,0.0
491,SELECT COUNT(*) FROM fps f WHERE f.gamesetting=3 AND f.fps<38.2;,5076.0837172281235,5086,1.3610999994853046,0,0.0
492,SELECT COUNT(*) FROM fps f WHERE f.gamesetting>3 AND f.fps>196.6;,9543.994000975877,8377,1.3567000023613218,0,0.0
493,SELECT COUNT(*) FROM fps f WHERE f.gamesetting=4 AND f.fps=211.0;,1.0,2,1.4645999981439672,0,0.0
494,SELECT COUNT(*) FROM fps f WHERE f.gamesetting>1 AND f.fps=290.3;,1.8133855065915665,2,1.6818000003695488,0,0.0
495,SELECT COUNT(*) FROM fps f WHERE f.gamesetting<4 AND f.fps=138.6;,15.310772314842191,12,1.4163000014377758,0,0.0
496,SELECT COUNT(*) FROM fps f WHERE f.gamesetting=3 AND f.fps=216.6;,3.650952360299527,1,1.8486000008124392,0,0.0
497,SELECT COUNT(*) FROM fps f WHERE f.gamesetting>2 AND f.fps<92.7;,85421.47705943593,86186,1.3900000012654345,0,0.0
498,SELECT COUNT(*) FROM fps f WHERE f.gamesetting<2 AND f.fps=30.0;,2466.407070018034,2102,1.4071999976295047,0,0.0
499,SELECT COUNT(*) FROM fps f WHERE f.gamesetting<2 AND f.fps<110.0;,33656.85996003901,37223,1.328299997112481,0,0.0
